Category,Target,Actual,Difference,Percent of Target
Travel,5.11,3.3,1.81,154.8484848
Government,4.54,1.82,2.72,249.4505495
Tech,3.04,4.22,-1.18,72.03791469
Consumer,1.83,0.62,1.21,295.1612903
Nonprofit,1.84,0.3,1.54,613.3333333
Financial,1.21,0.99,0.22,122.2222222
Healthcare,1.22,2.14,-0.92,57.00934579
Energy,1.23,1.35,-0.12,91.11111111
Education,1.22,0.64,0.58,190.625